subject_ID	age	score_scaleQuant
sub1002	19	19.9797642436149
sub1015	40.04	27
sub1017	51	54
sub1019	18	24
sub1022	85.74	85.7249508840864
sub1027	33.92	32
sub1028	43	46
sub1029	21	21
sub1036	18	18
sub1041	22	18
sub1042	30	25
sub1043	83.46	71
sub105	19	21
sub1060	69	60.02
sub107	39	25.1377799607073
sub1079	28	23
sub1081	20	22
sub1088	72.09	67.748605108055
sub1092	21	27
sub1105	44	44
sub1107	43	52
sub1110	62.74	70.5354813359529
sub1116	58	52
sub1126	50	49
sub1128	23	36.2062712636565
sub1129	21	26.5810609037328
sub1132	67	63.0089587426326
sub1138	20	28
sub1140	29	36
sub1143	32	28
sub1144	50.52	44
sub1146	21	25.6523436975156
sub1148	28	25
sub1150	33	35
sub1151	22	28
sub116	23	34.2808251473477
sub1169	23	25
sub1191	30	24
sub1193	28.85	31.5703339882122
sub1198	23	22
sub1201	76.78	69.6933595284872
sub1216	34	40
sub1222	19	25.6523436975156
sub1223	26	26
sub1228	20	23
sub1229	24.2984	27
sub1235	22	30
sub1241	19	18
sub1244	20	23
sub1261	72.35	69.2897445972495
sub1262	23	20
sub1263	25	24.9241650294695
sub1268	26	27
sub1276	49	33
sub1299	31	30
sub1310	28	21
sub1315	24	33
sub1324	21	20
sub133	28.16	31
sub1340	70.25	68.2086640471513
sub1341	30	41.1579764243615
sub1344	24	19
sub1349	46	30
sub1350	21	32
sub1352	40	44.9933398821218
sub1354	19	25
sub1361	25	24.2877799607073
sub1369	51	50
sub137	43	32.3704911591356
sub1371	86	77.8998035363456
sub1376	20	18
sub1379	36	28.4160314341847
sub1381	22	24.1034091367137
sub1385	55	49.2290373280943
sub1393	34	27
sub1401	36	42
sub1408	37	32
sub141	30	23
sub1427	20	22
sub1434	32	27.1817878192534
sub1436	44	39
sub1448	71	55.7893320235756
sub145	33	27
sub1456	74	58
sub1461	25	31
sub1463	20	18
sub1469	43	49.5469548133595
sub1482	21	22.9738310412574
sub15	24.4079	34
sub1500	64.27	59
sub1501	40	38
sub1502	64	55
sub1518	61.02	65.1059921414538
sub152	28	24.1034091367137
sub1521	22	24.1034091367137
sub1525	32	19
sub1527	22	20
sub153	45	47
sub1532	22	24
sub1536	35	41
sub1540	30.89	25
sub1542	36	33
sub1553	20	21.0090373280943
sub1554	24	37.1790569744597
sub1556	28	27
sub1568	33	29
sub1572	58.77	56.9159724950884
sub1585	70.11	73
sub1589	29	24
sub1590	48	37
sub1591	25	27
sub1599	28.44	22
sub1604	32	43
sub161	41	30
sub1629	26	22
sub1653	30	22
sub1654	22	20
sub1666	51	52
sub1672	28.46	29
sub1674	23	26.8862082514735
sub1676	20	24
sub1678	35.41	26
sub168	21	21.6004125736739
sub1680	28	19
sub1688	19	19
sub170	28	27
sub1702	22	22
sub1704	28	39.170648330059
sub1707	22	20
sub1711	32.3	41.8704715127701
sub1716	20	24.1034091367137
sub1718	40	25.6147347740668
sub1721	64	57.7369351669941
sub1724	52	52.8979960707269
sub1727	23	20
sub1731	19	26
sub1738	20	22
sub174	33	28.942278978389
sub1761	39	30
sub1766	70.14	66.9104715127701
sub1769	23	23.5991709233792
sub1771	30	25
sub1775	21	24.1034091367137
sub1781	22	27.7743811394892
sub1786	60	49
sub1793	24.6133	22
sub1795	23	24.1034091367137
sub18	24.85	25
sub1800	44.48	34
sub1807	21	22
sub1811	50	49
sub1823	74	72
sub1834	23	21
sub1835	25	35
sub1840	49	38
sub1856	22	24
sub1857	27	23
sub1859	25	25
sub1862	22	23
sub1864	31	26
sub1869	80	81.9669941060904
sub1887	29	28
sub1889	32	29.7720628683694
sub189	29	21
sub1891	55	44
sub1894	34	37
sub19	33.14	39
sub190	19	23
sub1901	26	22
sub1902	24	23
sub1903	28	29
sub1904	20	22
sub1906	28	19
sub1912	29	28
sub1915	31	23
sub1927	27	22
sub1930	19	21
sub1946	44	46
sub1948	23	24.1034091367137
sub1957	30	24.1034091367137
sub1964	32	19
sub1971	18	21
sub1973	24.28	31.1456385068762
sub1976	28	24.1034091367137
sub1989	51	61
sub1994	21	26
sub1999	19	24
sub200	40	35
sub2003	20	19
sub2006	50	41
sub2014	61	57
sub2026	30	26
sub203	66.33	72.8149115913556
sub2030	39	40
sub2036	38.77	37
sub2040	23	22
sub2043	60.91	53.41
sub2047	23	24.3796660117878
sub2057	44	50
sub2058	28	24
sub2066	27	23
sub2074	19	21
sub2075	66.91	60.3958742632613
sub2077	29	24
sub2081	27	20
sub209	51	33
sub2091	23	23
sub2098	20	24
sub2112	19	23
sub2119	57	55
sub2122	20	19
sub213	65.26	63.8009430255403
sub2139	29	29.2855009823183
sub2141	25	21
sub2145	30	36
sub2146	27	22
sub2161	24	25
sub2162	21	25
sub2171	62.25	58.7049115913556
sub2183	22	25
sub2188	23	25
sub2196	72.01	83.5874263261294
sub2205	28.57	28
sub2209	28.51	28
sub2224	27	24
sub2231	52.53	40
sub2238	21	20
sub2249	45	46
sub225	48	49
sub2253	19	18
sub2267	49.04	50
sub227	35.81	43.312652259332
sub2278	26	24.1034091367137
sub2284	65.41	64
sub2285	25	20
sub229	29.34	25
sub2297	31	33.853163064833
sub2299	30	27
sub2302	24	30
sub231	41	45
sub2335	25	19
sub2344	62.09	55.0493320235757
sub2361	23	21
sub237	18	20
sub2376	18	20
sub2378	50	51.0319056974459
sub2385	33.59	30.3013163064833
sub2387	22	18
sub2390	24	20
sub2400	37	50
sub2408	21	24.1034091367137
sub244	69.07	65.9021021611002
sub2442	44	46
sub2446	46	44
sub2447	18	20.0613359528487
sub2448	27	23
sub2456	23	23
sub2459	17	20
sub2462	59	67.0089587426326
sub2467	20	23
sub2471	25	19
sub2478	27	30
sub249	48	51
sub2498	23	20
sub250	60.41	64
sub2500	18	19
sub2508	34	29
sub2510	26	26
sub2525	60.46	61.4410805500982
sub2528	28.12	27
sub2529	78	75.9928683693517
sub253	20	23
sub2533	25	23.7708251473478
sub2535	29	30
sub2539	56	52
sub2540	33	29
sub2544	38.94	51
sub2554	20	21
sub2569	19	21
sub2570	26	38
sub2578	18	28
sub2579	23	22
sub2582	20	29.9671905697446
sub2589	37	35.8081335952849
sub2599	22	22
sub2609	41	47
sub2610	36	24.1034091367137
sub2612	30	47
sub2617	21	29
sub2630	26	22
sub2637	24.62	23
sub2638	50	45.6327308447937
sub2640	18	19
sub2663	29	25.6523436975156
sub267	59	62.8138310412574
sub2670	55.58	59.7629469548134
sub2678	52	42.7612377210216
sub2679	39.4	37
sub2687	24	26
sub2692	23	23
sub2694	42	36
sub2696	20	28
sub2701	21	33
sub2727	24	25
sub2734	21	20
sub275	30	24
sub2751	51	51
sub2752	22	24
sub2754	28	22
sub2759	23	28
sub2760	29	27
sub2762	22	23
sub2766	55	56
sub2768	18	21
sub2769	19	22
sub2770	21.38	22
sub2775	24	22
sub2777	18	18
sub2786	28	30
sub2799	20	21
sub2801	26	21
sub2802	47	41
sub2807	22	20
sub2808	21	26
sub2814	24	22
sub282	23	23
sub2829	21	28
sub2835	27	26
sub2840	30	33.6019842829077
sub2841	20	34
sub2849	19	24.1034091367137
sub2854	66.02	71
sub2856	22	21
sub286	29	35
sub2860	61.59	68.5009823182711
sub2868	68.85	56
sub2869	53.67	56
sub2875	21	18
sub2877	23	23
sub2888	33	31
sub2889	67.16	58
sub2898	23	24
sub2901	58	53
sub2907	28	31
sub291	46	28
sub292	37	25
sub2928	19	24.1034091367137
sub2930	71.66	73.5442436149312
sub2937	47	31
sub294	22.53	26
sub2946	55	58
sub2949	22	19
sub2950	26	23.1378192534381
sub2951	58.78	55
sub2957	35	43
sub2967	23	25
sub2978	73.54	63.2116895874263
sub2997	21	21
sub3009	70.71	59.1359724950884
sub3012	25.66	21
sub3013	25.53	20.9102750491159
sub3021	30	43
sub3030	22	19
sub3034	73.18	74
sub3035	41.12	48
sub3037	20	24
sub305	21	21
sub3059	28	22
sub306	63.88	59.5797838899803
sub3060	20	21
sub3072	20	22
sub308	47	53.7285461689587
sub3081	21	26
sub3083	24	24
sub3085	23	27
sub3087	57	48.0954813359529
sub3099	52	64.6767976424361
sub3103	26	24
sub3104	59.84	74.487485265226
sub3112	61	53
sub312	22.41	22
sub3126	63.84	63.42
sub3136	45	47
sub3149	47	50.3639489194498
sub3158	24.85	46
sub316	22	29
sub3160	20	21
sub3163	59.22	54
sub3164	63	59
sub3170	58	55
sub3175	35.02	31
sub3202	25	29
sub3209	21	32
sub3210	30	28
sub3217	67.82	56
sub3218	46	41.636699410609
sub3229	45	36.689253438114
sub3230	21	24
sub3234	33	31
sub3240	24.7666	20
sub3246	57	60
sub3249	44	34
sub325	27	38.932141453831
sub3255	71	88
sub3270	23	22
sub3272	22	30.0099410609037
sub3279	33	40
sub3284	54	46
sub3287	21	30
sub3291	51	33
sub3296	43.08	45
sub330	66.53	61
sub334	24	25.6523436975156
sub34	52	52.2805500982318
sub341	24	19
sub343	65	60.9552259332024
sub352	20	19
sub353	23	27
sub356	23	24
sub36	23	26
sub361	50	48
sub367	83.56	90
sub368	80	80.2801571709233
sub371	27	26
sub377	23	22
sub384	24	24
sub387	18	27
sub39	41	48
sub391	25	25.6523436975156
sub395	67.46	65
sub396	50.02	48
sub399	42	38.0564833005894
sub4	28	25
sub402	62.43	65
sub407	23	24
sub408	59	47
sub410	61	51.9097053045187
sub413	23	21
sub414	67.85	62
sub428	19	26
sub456	25	22
sub473	47	45
sub476	70.5	69.0585854616896
sub483	54.61	58.3349901768173
sub485	41	22
sub493	38	30
sub494	50.57	70.0274459724951
sub505	22	20
sub531	49	42
sub532	22	21
sub55	28	23
sub551	57	42
sub555	22	24
sub559	22	23
sub563	21	23
sub566	47	55.4394106090374
sub567	25	25
sub57	24	24.1034091367137
sub572	50	35
sub578	25	23
sub586	26	24.7487119842829
sub588	65.33	54
sub589	19	20
sub592	46	46.6211198428291
sub594	29.26	30.6626915520629
sub608	57	55
sub617	25	31.8528487229862
sub620	29	24.1034091367137
sub631	22.65	26
sub642	32	43
sub647	52	64.2037524557956
sub65	42	36
sub653	68.12	66.3237131630648
sub666	25	31
sub670	77	75.4236149312376
sub674	46.37	53
sub689	58.28	62.0579567779961
sub691	39	25.6523436975156
sub694	75	68
sub695	42	59
sub699	33	25
sub705	35	23
sub707	22	33
sub72	43	36.3665618860511
sub738	75.83	78.5956777996071
sub744	47	47.1321611001965
sub745	43	42
sub747	20	21
sub756	34.37	26
sub787	26	29
sub791	21	34
sub797	21	24
sub799	41.51	42.0612966601179
sub802	23	24
sub803	29	31
sub804	21	23
sub806	34	54.6129076620825
sub808	41.2	29
sub817	34	35
sub820	59.26	60.8437131630648
sub821	45.3	37.7578192534381
sub823	52	46.2297445972495
sub831	56	43
sub834	42.63	45
sub841	44	43.9717092337918
sub845	22	26
sub847	46	43
sub853	56	58
sub86	44.88	47
sub860	30	26
sub861	55	40
sub863	70	54
sub867	21	31
sub868	48	33.2380550098232
sub870	55.66	50
sub872	42	45
sub891	26	22
sub898	23	25
sub902	53	53
sub911	29	40
sub913	22.43	22
sub915	44.85	54.19
sub92	27	23
sub939	23	39
sub944	21	19
sub946	18	19
sub947	29	24.1034091367137
sub96	61	57
sub962	22	41
sub98	74	81
sub984	18	19
sub99	35	32
sub990	20	20
